Col 2/3 Images,Col 1 Images
M122584310L,M155607349R
M1256963084R,M155607349R
M1346290850R,M1318098123R
M124952951R,M1318098123R
M155016845R,M126710873R
M1225799854L,M126710873R
M1297582135L,M1345757107L
M1317564208L,M1345757107L
M171835900L,M1227298727R
M138819477R,M1227298727R
M1146585002R,M119285915R
M1105352882R,M119285915R
M109072682R,M126759036L
M1136377273R,M126759036L
M1332351545L,M110892182R
M189923763R,M110892182R
M1318006340L,M1341498389L
M1243977124L,M1341498389L
M1339149465L,M1274547047R
M1348546440R,M1274547047R
M1193238358L,M1149709780L
M1346079451R,M1149709780L
M1197963230L,M1304991525R
M1310860415R,M1304991525R
M1334377850R,M1324979814L
M1113191083R,M1324979814L
M1341090555L,M1343438359L
M1317598749L,M1343438359L
M1129169546R,M1304478302L
M1319757415R,M1304478302L
M1103288580R,M1315099773L
M1223387753L,M1315099773L
M1313570429R,M1328836141R
M1315920479R,M1328836141R
M1164652917R,M1254078933R
M185734641L,M1254078933R
M185763176L,M1241199272R
M1332893153L,M1241199272R
M1333280228L,M1175681573L
M1208643307R,M1175681573L
M126499815R,M1149067652R
M187806127R,M126499815L
M1149067652L,M126499815L
M187806127L,M126499815L
M1193372314R,M109548636R
M1129794833R,M109548636R
M1099158773L,M109548636L
M1119200171L,M109548636L
M114267211R,M109548636L
M157906985R,M109548636L
M1103873683R,M109548636L
M1193055854R,M1118880788R
M1190701460R,M1118880788R
M1118880788L,M111592038L
M190595203R,M111592038R
M1165415996R,M1196023180R
M186012733L,M122339925L
M1147282262R,M137672132L
M183660970L,M1164945337R
M186019864R,M1164945337R
M109365462L,M1103695396L
M1177898186R,M1103695396L
M104648293R,M1177898186L
M1136683665L,M155369774L
M1103695396R,M155369774R
M1101338216L,M109365462R
M1101338216R,M109365462R
M1149637879L,M137672132L
M1131971116R,M107006443R
M1136683665R,M173049982L
M1190842495L,M173049982L
M1175545925R,M155369774L
M1147282262L,M1127256342R
M1169650726L,M1127256342R
M1142574974L,M1139037292R
M102286291L,M1188488085R
M193089462R,M1139037292R
M1150591312L,M1135276569R
M105593830R,M1191791679L
M1097573241R,M1099931168R
M184611296L,M1099931168R
M105593830L,M1119966613L
M1097573241L,M1183552745R
M1132739466L,M112489524L
M1163359323L,M112489524L
M191494735L,M173817722L
M1183360718L,M173817722L
M1237491651R,M136085100R
M1303331989L,M136085100R
M1101110051L,M1177656184R
M1103467217R,M1177656184R
M1162092747L,M126547168L
M1175012025L,M126547168L
M106123760R,M123826391L
M130904815R,M123826391L
M187722274L,M154705713R
M1178843656L,M125645661L
M1097558297L,M125645661L
M1314082002R,M125645661L
M184604792L,M125645661L
M171624375L,M1106981436R
M176338993R,M1106981436R
M1176484245R,M110302263L
M186956552R,M110302263L
M1104623779L,M110302263L
M105578820L,M171624375R
M176338993L,M171624375R
M188493098L,M111843702L
M186134194L,M111843702L
M185104801R,M113168034R
M106088433R,M1120456952R
M1181692437R,M1135766659L
M172133732R,M154453455L
M1164027461R,M1131053889R
M1115747668R,M121430378L
M1153439131R,M1098065892L
M1105138378L,M121430378L
M187463709L,M121430378L
M1098065892R,M121430378L
M172133732L,M154453455L
M141478563L,M108447638L
M180387064L,M1138120053R
M1181692437L,M1131053889R
M127871750L,M140840176R
M1119832662L,M140840176R
M182117615R,M140840176R
M1115116170L,M140840176R
M1148101020L,M140840176R
M1135119263R,M140840176R
M1118936862R,M172975608L
M1096551351L,M114009947L
M1180172051R,M114009947L
M1101267085R,M144680975L
M1103624254L,M144680975L
M185576460R,M126622485R
M1188052583L,M126622485R
M183217585L,M1138603796R
M159643869L,M126622485R
M183739611R,M1121450954R
M125895771L,M112917460R
M1117842450L,M112917460R
M176603102L,M112917460R
M181917051L,M184275909R
M102901755R,M184275909R
M1134934841R,M140650524L
M1105481938L,M170118311R
M1149153951L,M1166807824L
M1131480463R,M1166807824L
M168399883R,M109452586R
M1164979603L,M109452586R
M1175105466L,M139598775R
M187935731R,M139598775R
M168287020R,M109305653L
M114024557R,M109305653L
M1164712203R,M188041160L
M154100698R,M1148378060R
M1150734112L,M1148378060R
M158307753L,M1099544198L
M1189042601L,M1099544198L
M1132531922L,M158307753R
M1098502551R,M1105574923R
M1116158959L,M1149138828R
M1103217633L,M124212055L
M111240262R,M170213482R
M1190372454L,M170213482R
M1146783545R,M1164469403R
M1164469403L,M154873550L
M185518687L,M1133848318R
M1177392814L,M154873550R
M113596581L,M154873550R
M1116158959R,M154873550L
M170206690L,M185518687R
M128929066L,M185518687R
M1131495601R,M1149138828R
M113603383R,M1177399921L
M1138568830R,M1177399921L
M1162113981R,M1133848318R
M144274383R,M185525835R
M1113807800L,M185525835R
M104162457L,M170213482L
M1142076438L,M170213482L
M1100860480L,M1136208157R
M180808072R,M1136208157R
M1190372454R,M157234690R
M1166822959R,M1133848318R
M125977218R,M108278624R
M1148548012L,M108278624R
M1146193359L,M1133251236L
M1150904064L,M1133251236L
M1148548012R,M108278624R
M125977218L,M108278624R
M1154285311L,M1129575693L
M127008391L,M139979870R
M111661378L,M139979870R
M1118943218L,M1131922380L
M129363095L,M1131922380L
M139979870L,M127008391R
M124646397R,M114024246R
M122291425R,M114024246R
M139973084L,M109298521R
M175348372L,M157661677L
M1118950329L,M170641394R
M129369888R,M170641394R
M1151921968L,M1144856403R
M181236753R,M1144856403R
M185947368R,M109298521R
M1182536589R,M1114240826R
M1173121560R,M183602781R
M1118950329R,M170641394R
M1131922380R,M185947368L
M152945986L,M185947368L
M1115371417R,M156435317L
M1166004711L,M156435317L
M1122624174L,M125944637R
M1176797281R,M125944637R
M1114995520L,M1145626072L
M176082220L,M1145626072L
M143078925L,M143072142L
